{
  "build": {
    "arduino": {
      "ldscript": "esp32s3_out.ld",
      "partitions": "max_app_8MB.csv"
    },
    "core": "esp32",
    "extra_flags": [
      "-DARDUINO_USB_CDC_ON_BOOT=1",
      "-DARDUINO_USB_MODE=1",
      "-DARDUINO_RUNNING_CORE=1",
      "-DARDUINO_EVENT_RUNNING_CORE=1"
    ],
    "f_cpu": "240000000L",
    "f_flash": "80000000L",
    "flash_mode": "qio",
    "hwids": [["0x303A", "0x1001"]],
    "mcu": "esp32s3",
    "variant": "heltec-wireless-tracker"
  },
  "connectivity": ["wifi", "bluetooth", "lora"],
  "debug": {
    "default_tool": "esp-builtin",
    "onboard_tools": ["esp-builtin"],
    "openocd_target": "esp32s3.cfg"
  },
  "frameworks": ["arduino", "espidf"],
  "name": "Heltec Wireless Tracker (8MB Flash)",
  "upload": {
    "flash_size": "8MB",
    "maximum_ram_size": 327680,
    "maximum_size": 8388608,
    "require_upload_port": true,
    "speed": 921600
  },
  "monitor": {
    "speed" : 115200
  },
  "url": "https://heltec.org/project/wireless-tracker/",
  "vendor": "Heltec"
}
